Sample,long/W,depth/mbsl,206Pb/204Pb,207Pb/204Pb,208Pb/204Pb,176Hf/177Hf,143Nd/144Nd,87Sr/86Sr,SetNo,Section,lat/N,newSection,,,,,
EN026 25D-2g,7.67,2925.00,-0.432463134737944,-1.383603343644990,-0.759679477339287,1.258795934778870,0.736328119769481,-0.437892184358269,1.00,5.00,77.53,222.00,0.6700,0.0000,1,1,NorthofGreenland
EN026 22D-1g,7.37,3450.00,-0.304691800020620,-1.088758491506900,-0.556235274568283,1.407206131976660,0.771958732375721,-0.499464443398409,1.00,5.00,76.86,222.00,0.3000,-0.6700,1.076136364,1.076136364,NorthofGreenland
EN026 21D-1g,7.19,2810.00,-0.508168913289225,-1.580765556731930,-0.890150169522928,1.529805860096530,0.956050230839426,-0.690662510944299,1.00,5.00,76.56,222.00,0.6000,-0.9700,1.110227273,1.110227273,NorthofGreenland
EN026 19D-1g,7.28,3258.00,-0.240397821303271,-0.913185554023984,-0.389922080378462,1.445921835593160,0.831343086718575,-0.501084766004776,1.00,5.00,75.96,222.00,0.4400,-1.5700,1.178409091,1.178409091,NorthofGreenland
EN026 27D-1,7.50,2600.00,0.259136084163960,0.141981714678344,0.367505881751013,1.078122651233530,0.089038657429274,0.469488475181073,1.00,5.00,75.52,222.00,0.8700,-2.0100,1.228409091,1.228409091,NorthofGreenland
EN026 29D-1g,8.51,2878.00,-0.633537186680184,-1.480337595612060,-0.925523508231519,1.516900625557580,0.914481182798703,-0.395763796593990,1.00,5.00,74.65,222.00,0.4600,-2.8800,1.327272727,1.327272727,NorthofGreenland
EN026 30D-1g,8.84,3210.00,-0.165437044397113,-0.533235373961899,-0.169409870496463,1.407206131976660,0.302822333064735,-0.057116371873037,1.00,5.00,74.19,222.00,0.4500,-3.3400,1.379545455,1.379545455,NorthofGreenland
EN026 31D-1g,8.37,3290.00,-0.704580788779131,-1.548941020551100,-1.008643476747620,1.620142501868850,0.861035263890332,-0.249934762025113,1.00,5.00,73.74,44.00,0.3300,-3.7900,1.430681818,1.430681818,in between Greenland and Jan Mayen
EN026 16D-2g,7.39,2623.00,-0.996020764713563,-1.721494673412620,-1.375053563497270,1.833078871761400,1.027311456050590,-0.497844120792222,1.00,4.75,73.41,44.00,0.0000,-4.1200,1.468181818,1.468181818,in between Greenland and Jan Mayen
EN026 16D-1g,7.39,2623.00,-0.949867239779850,-1.568344673368340,-1.312431690423190,1.871794575378260,0.676943765426627,-0.517287992068085,1.00,4.75,73.41,44.00,0.4000,-4.1200,1.468181818,1.468181818,in between Greenland and Jan Mayen
TR139 33D-2g,5.18,2900.00,-0.271480592038886,-1.064208714371770,-0.423672678926275,1.084575268502830,0.219684236984608,-0.029570887565700,1.00,4.75,73.01,44.00,0.2000,-4.5200,1.513636364,1.513636364,in between Greenland and Jan Mayen
EN026 14D-1g,4.26,2540.00,-1.047493775182130,-1.869673283711920,-1.392680352385850,1.723384378180470,0.831343086718575,-0.258036375056767,1.00,4.75,72.81,44.00,0.2000,-4.7200,1.536363636,1.536363636,in between Greenland and Jan Mayen
TR139 32D-1g,3.38,3020.00,-0.411098830997807,-1.278008614861320,-0.615280587186049,1.426563983784910,0.409714170882136,-0.115447985700624,1.00,4.75,72.61,44.00,0.2900,-4.9200,1.559090909,1.559090909,in between Greenland and Jan Mayen
EN026 12D-2g,1.48,2525.00,0.154618731691393,-0.862951199215332,0.087228822816380,0.878091515879933,0.130607705469997,0.038482661899908,1.00,4.75,72.32,44.00,0.1400,-5.2100,1.592045455,1.592045455,in between Greenland and Jan Mayen
TR139 31D-2Ag,0.23,2462.00,-0.882580961122207,-1.715592239603830,-1.141642207968480,1.581426798252350,0.552236621305777,-0.172159276921844,1.00,4.75,72.18,44.00,0.1900,-5.3500,1.607954545,1.607954545,in between Greenland and Jan Mayen
EN026 11D-1g,-0.65,2340.00,-0.102096811308947,-1.130506675511260,-0.253472447228410,1.123290972119690,0.047469609389210,0.028760726261887,1.00,4.75,71.99,44.00,0.1000,-5.5400,1.629545455,1.629545455,in between Greenland and Jan Mayen
EN026 10D-1g,-1.39,2900.00,-0.286003901072399,-1.404455046199510,-0.482279649026558,1.045859564886320,0.106853963732723,0.054685887963037,1.00,4.75,71.89,44.00,0.0000,-5.6400,1.640909091,1.640909091,in between Greenland and Jan Mayen
EN026 10D-3g,-1.39,2900.00,-0.284661766728681,-1.392660721091320,-0.474761244670904,1.052312182155620,0.089038657429274,0.020659113230233,1.00,4.75,71.89,44.00,0.0700,-5.6400,1.640909091,1.640909091,in between Greenland and Jan Mayen
TR139 30D-1Ag,-2.08,2550.00,0.426083629104176,-0.762354296070938,0.367658490834353,0.400597837939022,0.053408044823693,0.064407823600878,1.00,4.75,71.82,44.00,0.2900,-5.7100,1.648863636,1.648863636,in between Greenland and Jan Mayen
EN026 8D-1g,-3.94,2925.00,0.333326247870244,-0.816847804747838,0.158519937556555,1.200722379353410,0.362206687407589,0.048204597537749,1.00,4.75,71.53,44.00,0.0500,-6.0000,1.681818182,1.681818182,in between Greenland and Jan Mayen
EN026 1D-1,-8.63,1675.00,0.843617925893009,-0.333538396058614,0.840600504591844,-0.360810999858143,-0.106929711902738,0.406295893534565,1.00,4.75,71.48,44.00,0.0500,-6.0500,1.6875,1.6875,in between Greenland and Jan Mayen
EN026 7D-1g,-4.79,2488.00,0.539651241578023,-0.557059898289919,0.440280127594956,0.749039170490401,0.047469609389210,0.001215241954550,1.00,4.75,71.43,44.00,0.0000,-6.1000,1.693181818,1.693181818,in between Greenland and Jan Mayen
EN026 7D-2,-4.79,2488.00,0.833104767997844,-0.249613574153148,0.838175296908053,-0.522126431595238,-0.718588561636706,0.448424281298844,1.00,4.75,71.43,44.00,0.0180,-6.1000,1.693181818,1.693181818,in between Greenland and Jan Mayen
END0026-002-001,-7.49,-890.00,0.889426907627704,-0.263539045673753,0.880485451216045,-0.683441863331974,-0.481051144264630,0.378750409227049,2.00,4.75,71.41,44.00,0.0020,-6.1180,1.695227273,1.695227273,in between Greenland and Jan Mayen
EN026 2D-1,-7.49,890.00,0.889493270030451,-0.262979422459377,0.880382780283412,-0.683441863331974,-0.481051144264630,0.378750409227049,1.00,4.75,71.41,44.00,0.0800,-6.1200,1.695454545,1.695454545,in between Greenland and Jan Mayen
EN026 6D-1,-5.43,1725.00,0.709254623384693,-0.580949304034172,0.613037670318346,0.445766158825537,-0.142560324508978,0.096814275727315,1.00,4.75,71.33,43.00,0.0000,-6.2000,1.704545455,1.704545455,in between JanMayen and Bight
TR139 27D-6g,-12.64,1205.00,1.020613713907800,-0.200914704504006,0.884368821621257,0.200566702585426,-0.000037874085337,-0.139752824795406,1.00,4.75,71.33,43.00,0.0700,-6.2000,1.704545455,1.704545455,in between JanMayen and Bight
EN026 4D-3,-6.48,690.00,0.811539428359302,-0.346105459546480,0.789157915850145,-0.410496152833059,-0.415728354487293,0.451664926511577,1.00,4.75,71.26,43.00,0.0200,-6.2700,1.7125,1.7125,in between JanMayen and Bight
EN026 5D-1,-5.78,750.00,0.960462180655192,-0.265810843643182,0.861419739374648,0.142493147160316,-0.118806582771704,0.501894927307510,1.00,4.75,71.24,43.00,0.0500,-6.2900,1.714772727,1.714772727,in between JanMayen and Bight
EN026 3D-2,-7.09,1100.00,0.892811563157185,-0.234830034203364,0.884980739802451,-0.328547913510939,-0.225698420589105,0.390092667471257,1.00,4.75,71.19,43.00,0.1300,-6.3400,1.720454545,1.720454545,in between JanMayen and Bight
AK1351-1C,-12.98,525.00,0.948643488984819,0.325149424624074,0.929451911017921,0.348976899783567,0.249376414155705,-0.133271534370119,1.00,4.75,71.06,43.00,0.4000,-6.4700,1.735227273,1.735227273,in between JanMayen and Bight
AK1350-1B,-14.31,1200.00,-0.754666767045381,-1.487114170001500,-1.329220893284350,0.832923194993776,1.187649212777020,-0.202945406441914,1.00,4.50,70.66,43.00,0.3000,-6.8700,1.780681818,1.780681818,in between JanMayen and Bight
AK1349-1A,-15.42,925.00,-0.328911278298888,-0.655845030835965,-0.848883305963617,0.265092875280192,0.706635942597725,-0.337432182766403,1.00,4.50,70.36,43.00,0.6300,-7.1700,1.814772727,1.814772727,in between JanMayen and Bight
TR139 23D-1g,-15.59,917.00,-0.850964325679210,-1.762221566926340,-1.446059773779180,0.845828429532729,0.979803972576040,-0.611266703234662,1.00,4.50,69.73,43.00,0.0000,-7.8000,1.886363636,1.886363636,in between JanMayen and Bight
TR139 24D-1g,-15.74,1038.00,-0.854657845509496,-1.746540816957070,-1.448835412652710,0.910354602227137,1.318294792332350,-0.661496704030415,1.00,4.50,69.73,43.00,0.5800,-7.8000,1.886363636,1.886363636,in between JanMayen and Bight
TR139 25D-3g,-16.22,1145.00,-1.131502950487180,-1.565740683661720,-1.562096135553960,0.987786009460856,1.152018600171440,-0.779780254291956,1.00,4.50,69.15,43.00,0.5200,-8.3800,1.952272727,1.952272727,in between JanMayen and Bight
TR139 21D-2g,-17.68,908.00,-0.957905863944502,-1.800954570891440,-1.409804389123220,0.820017960454822,0.855096828455849,-0.808946061205659,1.00,4.50,68.63,43.00,0.2200,-8.9000,2.011363636,2.011363636,in between JanMayen and Bight
TR139 19D-4g,-18.06,885.00,-0.728563726250422,-1.337379030577300,-1.116275418273690,0.968428157652605,1.175772341908710,-0.748994124771886,1.00,4.50,68.41,43.00,0.0400,-9.1200,2.036363636,2.036363636,in between JanMayen and Bight
TR139 20D-1g,-17.99,650.00,-0.883429070797708,-1.635305242629150,-1.357599749695340,0.974880774921903,0.807589344981302,-0.637191864935632,1.00,4.50,68.37,43.00,0.2000,-9.1600,2.040909091,2.040909091,in between JanMayen and Bight
TR139 18D-1g,-18.34,675.00,-0.844834275950110,-0.986879715257925,-1.129355032156650,0.839375812263073,1.330171663200660,-0.643673155360920,1.00,4.50,68.17,43.00,0.2700,-9.3600,2.063636364,2.063636364,in between JanMayen and Bight
TR139 16D-1g,-18.41,565.00,-0.937440688027975,-1.740864033402800,-1.356662182406680,1.020049095808420,0.884789005627605,-0.747373802165519,1.00,4.50,67.90,43.00,0.1900,-9.6300,2.094318182,2.094318182,in between JanMayen and Bight
TR139 15D-1g,-18.54,402.00,-0.914686098079063,-1.551481355799630,-1.307560469787880,1.039406947616670,0.944173359970459,-0.740892511740231,1.00,4.50,67.71,43.00,0.2300,-9.8200,2.115909091,2.115909091,in between JanMayen and Bight
TR139 14D-1g,-18.63,390.00,-0.849055462790319,-1.545411298690400,-1.216659732271860,1.000691243999810,0.890727441061429,-0.706865737007427,1.00,4.50,67.48,43.00,0.1700,-10.0500,2.142045455,2.142045455,in between JanMayen and Bight
TR139 13D-1g,-18.66,250.00,-0.832947465662846,-1.433686044779090,-1.215247156912660,0.871638898610635,0.872912134758639,-0.674459284880990,1.00,4.50,67.31,43.00,0.1500,-10.2200,2.161363636,2.161363636,in between JanMayen and Bight
KOLB-1A,-18.67,0.00,-0.879439046802028,-1.361373544752210,-1.209673487827110,0.800660108646214,1.104511116696890,-0.557796057225996,1.00,4.50,67.16,43.00,0.1200,-10.3700,2.178409091,2.178409091,in between JanMayen and Bight
TR139 10D-1,-18.48,74.00,-0.874532422473016,-1.509250171411360,-1.195503730747770,0.943908212028630,0.825404651284092,0.035242016687174,1.00,4.50,67.04,43.00,0.0100,-10.4900,2.192045455,2.192045455,in between JanMayen and Bight
TR139 11D-2,-18.43,95.00,-0.924905742363379,-1.547084024466260,-1.319061856427230,0.878091515879933,0.748204990638448,-0.645293477967287,1.00,4.50,67.03,43.00,0.0200,-10.5000,2.193181818,2.193181818,in between JanMayen and Bight
TR139 6D-2g,-18.71,290.00,-0.762918698980084,-1.345677190413000,-0.977727287711463,0.697418232334946,0.552236621305777,-0.494603475579489,1.00,4.50,67.01,43.00,0.1000,-10.5200,2.195454545,2.195454545,in between JanMayen and Bight
TR139 7D-1g,-18.77,405.00,-0.819848125014019,-1.510907664415140,-1.114704040199910,0.871638898610635,0.789774038678511,-0.457336055634131,1.00,4.50,66.91,43.00,0.1680,-10.6200,2.206818182,2.206818182,in between JanMayen and Bight
TR139 8D-1,-18.01,345.00,-0.962700192049046,-1.679018132467430,-1.413859670019850,0.910354602227137,0.647251588254871,0.467868152574706,1.00,4.50,66.74,43.00,0.1000,-10.7880,2.225909091,2.225909091,in between JanMayen and Bight
TR139 9D-2A,-17.78,195.00,-0.897063023298879,-1.500163176749970,-1.216323064599410,0.290903344358099,0.362206687407589,-0.539972508556501,1.00,4.50,66.64,43.00,0.1320,-10.8880,2.237272727,2.237272727,in between JanMayen and Bight
TR139 1D-1g,-17.34,72.00,-0.933648052567682,-1.377349718974350,-1.291088399124310,0.497387096981350,0.831343086718575,-0.264517665482055,1.00,4.50,66.51,43.00,2.5600,-11.0200,2.252272727,2.252272727,in between JanMayen and Bight
IC47,-22.20,-460.00,0.835817759004894,-0.208955782478699,0.415602965268089,0.029572344944565,0.207947456599390,-0.099244759637315,1.00,4.25,63.95,43.00,0.0900,-13.5800,2.543181818,2.543181818,in between JanMayen and Bight
HS529,-22.43,-80.00,0.606057900354500,-0.390476651940264,0.240817103927006,0.108939537359181,0.339612815361558,-0.152715405645981,1.00,4.25,63.86,43.00,0.0100,-13.6700,2.553409091,2.553409091,in between JanMayen and Bight
HS524,-22.70,-10.00,0.693652519321774,-0.281664375140626,0.320117123645938,0.184435159412003,0.216873737515080,-0.136512179582673,1.00,4.25,63.85,43.00,0.2800,-13.6800,2.554545455,2.554545455,in between JanMayen and Bight
TR101 15D-5,-23.70,83.00,0.560878996416866,-0.468836017100801,0.167808282620035,0.399307314485449,0.493934189364078,-0.164057663890189,1.00,4.25,63.57,43.00,0.1000,-13.9600,2.586363636,2.586363636,in between JanMayen and Bight
TR101 19D-1,-23.80,105.00,0.472742649744992,-0.302760469852537,0.105049001078999,0.226377171663333,0.148423011772787,-0.092763469212028,1.00,4.25,63.47,43.00,0.0000,-14.0600,2.597727273,2.597727273,in between JanMayen and Bight
TR101 16D-4,-23.87,60.00,0.493853871260346,-0.518035898771771,0.087899012561149,0.569011148672379,0.492852266962923,-0.160817018677636,1.00,4.25,63.47,43.00,0.0100,-14.0600,2.597727273,2.597727273,in between JanMayen and Bight
TR101 17D-1,-23.85,40.00,0.569445474111842,-0.518847982317668,0.160320093114635,0.370915798499680,0.371903321773171,-0.125169921338465,1.00,4.25,63.46,43.00,0.0000,-14.0700,2.598863636,2.598863636,in between JanMayen and Bight
TR101 18D-1,-23.85,43.00,0.561384734672329,-0.545856750272157,0.152134061490605,0.346395852875705,0.404806150229592,-0.097624437031128,1.00,4.25,63.46,43.00,0.1900,-14.0700,2.598863636,2.598863636,in between JanMayen and Bight
TR101 11D-2g,-24.20,75.00,0.564004163749713,-0.313815333878480,0.194006358325632,0.530940706782485,0.419797577165829,-0.178640567347131,1.00,4.25,63.27,43.00,0.0500,-14.2600,2.620454545,2.620454545,in between JanMayen and Bight
TR101 12D-6g,-24.27,258.00,0.594637126669608,-0.254146691990077,0.217825135339374,0.471576627903444,0.401849601649364,-0.212667342079755,1.00,4.25,63.22,43.00,0.0000,-14.3100,2.626136364,2.626136364,in between JanMayen and Bight
TR101 12D-7g,-24.27,258.00,0.603410849827512,-0.159392596668758,0.253495605176609,0.530940706782485,0.294731988307498,-0.230490890749251,1.00,4.25,63.22,43.00,0.1500,-14.3100,2.626136364,2.626136364,in between JanMayen and Bight
TR101 7D-5g,-24.50,315.00,0.400605337066647,-0.294920533378271,0.002491316769838,0.690965615065290,0.522544444134020,-0.277480246332630,1.00,4.25,63.07,43.00,0.0800,-14.4600,2.643181818,2.643181818,in between JanMayen and Bight
TR101 6D-9g,-24.69,400.00,0.541517854774707,-0.500079055148624,0.094618483005768,0.449637729186973,0.525983401989828,-0.147854437827061,1.00,4.00,62.99,43.00,0.2900,-14.5400,2.652272727,2.652272727,in between JanMayen and Bight
TR101 35D-3g,-25.21,580.00,0.539947521450126,-0.195207909142733,0.120470620244919,0.540619632686611,0.318163936122429,-0.253175407237847,1.00,4.00,62.70,43.00,0.0800,-14.8300,2.685227273,2.685227273,in between JanMayen and Bight
TR101 2D-1g,-25.43,632.00,0.509672528387045,-0.239589855105873,0.127887969059498,0.388337865127034,0.577672562653547,-0.117068308306990,1.00,4.00,62.62,43.00,0.0300,-14.9100,2.694318182,2.694318182,in between JanMayen and Bight
TR101 1D-2g,-25.45,617.00,0.490894020761653,-0.055384030124914,0.137122470313491,0.858088402344717,0.513421388923762,-0.376319925318128,1.00,4.00,62.59,43.00,0.2200,-14.9400,2.697727273,2.697727273,in between JanMayen and Bight
TR101 22D-1g,-25.84,715.00,0.327678926615312,-0.166298864644372,-0.075665317874815,0.752910740852194,0.895412106996157,-0.572378960682938,1.00,4.00,62.37,43.00,0.0200,-15.1600,2.722727273,2.722727273,in between JanMayen and Bight
TR101 23D-1g,-25.78,657.00,0.553984726948752,-0.515772570208620,0.088097184038064,0.436087232921412,0.425233842923381,-0.282341214151550,1.00,4.00,62.35,43.00,0.2400,-15.1800,2.725,2.725,in between JanMayen and Bight
TR101 25D-1,-26.36,686.00,0.337605331497050,-0.736486813388467,-0.127016701116225,0.483191338988466,0.659361993269034,-0.269378633300975,1.00,4.00,62.11,43.00,0.3800,-15.4200,2.752272727,2.752272727,in between JanMayen and Bight
TR101 27D-1g,-26.88,599.00,0.189596752835182,-0.345265392822887,-0.203579852061012,0.750329693944332,0.830931930659667,-0.501084766004776,1.00,4.00,61.73,43.00,0.0000,-15.8000,2.795454545,2.795454545,in between JanMayen and Bight
TR101 27D-7g,-26.88,599.00,0.109487042518476,-0.966260078645295,-0.396470296223481,0.794852753103882,0.750902807348763,-0.603165090203008,1.00,4.00,61.73,43.00,0.1300,-15.8000,2.795454545,2.795454545,in between JanMayen and Bight
EN025 6D-1g,-27.07,760.00,-0.047933176241203,-1.084912771216580,-0.542713619797944,0.743877076675034,0.701889435806612,-0.748994124771886,1.00,4.00,61.60,43.00,0.5000,-15.9300,2.810227273,2.810227273,in between JanMayen and Bight
TR101 29D-5,-27.88,810.00,-0.221009772209226,-1.313594278540410,-0.811439614471188,0.737424459405379,1.114893341576150,-0.732790898708577,1.00,4.00,61.10,43.00,0.0100,-16.4300,2.867045455,2.867045455,in between JanMayen and Bight
TR101 30D-10g,-27.90,792.00,-0.082740890449147,-0.870351182290141,-0.558783181861516,0.822599007362685,0.926786663536880,-0.711726704826348,1.00,4.00,61.09,43.00,0.6400,-16.4400,2.868181818,2.868181818,in between JanMayen and Bight
TR101 33D-6g,-28.88,922.00,-0.344642868645005,-1.558538851358700,-0.943938657656328,0.794207491376916,1.008557973019720,-0.629090251904158,1.00,4.00,60.45,43.00,0.4200,-17.0800,2.940909091,2.940909091,in between JanMayen and Bight
TR41 D20-3g,-29.38,948.00,-0.311718982756342,-1.403698277065750,-0.859139297657627,0.614179469558537,0.982873986712782,-0.520528637280638,1.00,4.00,60.03,43.00,0.0100,-17.5000,2.988636364,2.988636364,in between JanMayen and Bight
TR41 D22-1,-29.48,978.00,-0.345994255602546,-1.416381002456200,-0.916059445856819,0.723228701412494,0.898919758700461,-0.539972508556501,1.00,4.00,60.02,43.00,0.0033,-17.5100,2.989772727,2.989772727,in between JanMayen and Bight
TRI0041-022-001,-29.48,-1020.00,-0.345934380992607,-1.416950293347050,-0.916107129735853,0.723228701412494,0.896665876495912,-0.539972508556501,2.00,4.00,60.02,43.00,0.0267,-17.5133,2.990147727,2.990147727,in between JanMayen and Bight
TR41 D19-1g,-29.43,950.00,-0.325383780086719,-1.120478456019630,-0.851617253122843,0.910999863954102,1.031872076696960,-0.599924444990275,1.00,4.00,59.99,43.00,0.0000,-17.5400,2.993181818,2.993181818,in between JanMayen and Bight
TR41 D38-2,-29.51,925.00,-0.420070410678331,-1.440798953368200,-0.958749637728150,0.693546661973153,1.113686730235660,-0.535111540737580,1.00,4.00,59.99,43.00,1.1200,-17.5400,2.993181818,2.993181818,in between JanMayen and Bight
GLJ 10g,-30.95,1383.00,-0.459618891287459,-1.148975085348400,-0.957435163162668,0.929712454035746,1.027193545243950,-0.599924444990275,1.00,4.00,58.87,43.00,0.4500,-18.6600,3.120454545,3.120454545,in between JanMayen and Bight
EN025 5D-3g,-31.62,1457.00,-0.512365787244688,-1.311783266626190,-1.020988077897350,0.920678789858586,1.034788264938590,-0.781400576898143,1.00,4.00,58.42,43.00,0.7400,-19.1100,3.171590909,3.171590909,in between JanMayen and Bight
TR100 26D-10,-32.57,1380.00,-0.849489827084563,-0.841121225427688,-1.241498844064090,1.000691243999810,1.077695516458820,-0.676079607487357,1.00,4.00,57.68,43.00,0.5400,-19.8500,3.255681818,3.255681818,in between JanMayen and Bight
EN025 4D-1g,-33.42,2160.00,-0.611650553321268,-1.631046925266160,-1.219047674464920,1.261376981686380,1.147356583369490,-0.748994124771886,1.00,4.00,57.14,43.00,1.4700,-20.3900,3.317045455,3.317045455,in between JanMayen and Bight
EN025 3D-1g,-34.87,1975.00,-0.211064068977650,-1.036838627142960,-0.793064397670595,0.710323466873899,0.942948764924761,-0.603165090203008,1.00,4.00,55.67,42.00,0.9100,-21.8600,3.484090909,3.484090909,in between Bight and Charlie-Gibbs
EN025 2D-4g,-35.22,2075.00,-0.366762501324318,-1.315423213408870,-0.993278012040657,0.916807219496792,0.986431707740423,-0.651774768392574,1.00,4.00,54.76,42.00,0.5100,-22.7700,3.5875,3.5875,in between Bight and Charlie-Gibbs
TR100 23D-10g,-35.40,880.00,-0.262917651574870,-1.314853642352040,-0.945484615836347,0.742586553221103,0.927035926853153,-0.561036702438730,1.00,4.00,54.25,42.00,1.7700,-23.2800,3.645454545,3.645454545,in between Bight and Charlie-Gibbs
TR100 13D-10g,-31.57,4050.00,-0.395494807335663,-0.750064850163020,-0.898710987900688,0.689029829884394,0.820377161160849,-0.697143801369586,1.00,3.50,52.48,41.00,0.0000,-25.0500,3.846590909,3.846590909,in between Charlie-Gibbs and Faraday
TR100 13D-11g,-31.57,4050.00,-0.183477363790204,-0.877506732179693,-0.690520539182617,0.636763630001615,0.896182715384359,-0.489742507760568,1.00,3.50,52.48,41.00,0.1500,-25.0500,3.846590909,3.846590909,in between Charlie-Gibbs and Faraday
TR100 12D-10g,-31.52,2400.00,-0.260287692813816,-0.991692956506838,-0.824819638611772,0.536102800598210,0.889034094517105,-0.552935089407076,1.00,3.50,52.33,41.00,0.7700,-25.2000,3.863636364,3.863636364,in between Charlie-Gibbs and Faraday
TR138 9D-2g,-29.92,3710.00,-0.838409034395814,-1.267679203720460,-1.489391355871030,1.032954330347370,1.260447581988600,-0.933710901892308,1.00,3.50,51.56,41.00,0.2800,-25.9700,3.951136364,3.951136364,in between Charlie-Gibbs and Faraday
TR138 8D-1g,-30.02,3500.00,-0.985399210221446,-1.416827093133420,-1.602688121569410,0.883253609695657,1.395528236064990,-0.945053160136516,1.00,3.50,51.28,41.00,0.8200,-26.2500,3.982954545,3.982954545,in between Charlie-Gibbs and Faraday
TR138 7D-1Ag,-29.42,3880.00,-1.109637162956730,-1.737029003105730,-1.785047820615370,1.174266648548530,1.456926541407220,-1.134630905076040,1.00,3.50,50.46,41.00,0.4200,-27.0700,4.076136364,4.076136364,in between Charlie-Gibbs and Faraday
TR138 6D-1Bg,-28.93,3370.00,-1.276994517200100,-1.878238269907320,-1.963796601293270,1.710479143641520,1.823061804248920,-1.301524133526960,1.00,3.50,50.04,41.00,0.5200,-27.4900,4.123863636,4.123863636,in between Charlie-Gibbs and Faraday
TR138 5D-1,-28.54,2588.00,0.380793290619583,-0.354055297213550,-0.026944478432722,0.529650183328554,0.599744104780324,-0.549694444194342,1.00,3.50,49.52,40.00,0.0000,-28.0100,4.182954545,4.182954545,in between Faraday and Kurchatov (double check)
TRI0138-005-001,-28.54,-2590.00,0.380700405231606,-0.354695741054371,-0.026973748453647,0.529650183328554,0.599744104780324,-0.549694444194342,2.00,3.50,49.52,40.00,4.3400,-28.0100,4.182954545,4.182954545,in between Faraday and Kurchatov (double check)
CH43 104-16,-27.90,2790.00,1.914454248201690,0.809916903765048,1.436834133656130,1.207174996623060,0.391898864579346,0.403055248321831,1.00,3.00,45.18,39.00,0.3600,-32.3500,4.676136364,4.676136364,in between Kurchatov and Pico (double check)
TRI0154-014-001,-28.04,-2875.00,1.767426825973800,0.908475609220102,1.671807536767410,0.594176356023320,-0.041606922125401,0.096814275727315,2.00,3.00,44.82,39.00,0.8200,-32.7100,4.717045455,4.717045455,in between Kurchatov and Pico (double check)
TR154 13D-1,-28.39,2560.00,1.811243490607610,1.143860679358020,1.711338404575580,0.538038585778748,-0.582004546647548,0.182691373862419,1.00,3.00,44.00,39.00,0.0000,-33.5300,4.810227273,4.810227273,in between Kurchatov and Pico (double check)
TRI0154-013-001,-28.39,-2560.00,1.811172786817720,1.144738880920900,1.711329482446470,0.536102800598210,-0.582004546647548,0.182691373862419,2.00,3.00,44.00,39.00,0.6300,-33.5300,4.810227273,4.810227273,in between Kurchatov and Pico (double check)
TR154 12D-2,-28.98,3040.00,2.079841156015280,1.120584067555170,2.207650612326000,0.556751175860392,-0.611696723819305,0.372269118801761,1.00,3.00,43.37,39.00,0.0000,-34.1600,4.881818182,4.881818182,in between Kurchatov and Pico (double check)
TRI0154-012-002,-28.98,-3040.00,2.079809954816950,1.120554451534230,2.207672129857030,0.555460652406461,-0.611696723819305,0.372269118801761,2.00,3.00,43.37,39.00,0.5800,-34.1600,4.881818182,4.881818182,in between Kurchatov and Pico (double check)
TR154 15D-2g,-29.36,2925.00,2.386243111484210,1.342568724299050,2.318336513121720,0.058609122657299,-0.439482096224566,0.142183308704327,1.00,3.00,42.79,39.00,0.4000,-34.7400,4.947727273,4.947727273,in between Kurchatov and Pico (double check)
TR154 16D-3g,-29.40,2895.00,2.268965024944840,1.241476598467700,1.802737781391290,0.445766158825537,0.184053624378368,-0.305025730639966,1.00,3.00,42.39,39.00,0.7200,-35.1400,4.993181818,4.993181818,in between Kurchatov and Pico (double check)
TR154 17D-2g,-29.26,2625.00,1.909495863957340,1.115870668260400,1.633092578046880,0.568365886945414,0.249376414155705,-0.120308953519544,1.00,3.00,41.67,39.00,0.4900,-35.8600,5.075,5.075,in between Kurchatov and Pico (double check)
TR154 18D-2g,-29.31,2225.00,1.207436960108640,0.709097410288158,1.123539954110170,0.678060380526337,0.302822333064735,-0.256416052450400,1.00,3.00,41.18,39.00,0.9500,-36.3500,5.130681818,5.130681818,in between Kurchatov and Pico (double check)
TR122 3D-9,-29.59,2675.00,-0.045257917727415,-0.357155472324955,0.112323482629322,2.168614969773820,1.045126762354040,-0.266137988088421,1.00,3.00,40.23,38.00,0.0000,-37.3000,5.238636364,5.238636364,in between Pico and Tydeman
TRI0122-003-009,-29.59,-2675.00,-0.045257917727415,-0.356556081776453,0.112346629889798,2.168614969773820,1.045126762354040,-0.266137988088421,2.00,3.00,40.23,38.00,0.4700,-37.3000,5.238636364,5.238636364,in between Pico and Tydeman
TR154 20D-3g,-29.69,2225.00,1.794571409692190,1.205681864679410,1.641456180516110,0.490934479711695,0.112792399166547,-0.099244759637315,1.00,3.00,39.76,38.00,0.1300,-37.7700,5.292045455,5.292045455,in between Pico and Tydeman
TR89 30D-5,-29.74,2025.00,1.975183734416290,1.395567060737410,1.725615942132950,-0.528579048864535,-0.178190937114558,0.253985568540400,1.00,3.00,39.63,38.00,0.0000,-37.9000,5.306818182,5.306818182,in between Pico and Tydeman
TR89 31D-1,-29.71,1750.00,2.479730279312040,1.638287412977320,2.692920819848950,-0.431789789822565,-0.409789919052810,0.475969765606360,1.00,3.00,39.63,38.00,0.0000,-37.9000,5.306818182,5.306818182,in between Pico and Tydeman
TRI0089-030-005,-29.74,-2025.00,1.975271485006840,1.395884878398160,1.725681026966780,-0.528579048864535,-0.178190937114558,0.253985568540400,2.00,3.00,39.63,38.00,0.0000,-37.9000,5.306818182,5.306818182,in between Pico and Tydeman
TRI0089-031-001,-29.71,-1750.00,2.479685005347900,1.637729172265150,2.692975127636600,-0.431789789822565,-0.409789919052810,0.475969765606360,2.00,3.00,39.63,38.00,0.4300,-37.9000,5.306818182,5.306818182,in between Pico and Tydeman
TR154 8D-1g,-29.95,1630.00,1.600675473419600,1.156057083140040,1.376343187934690,-0.083348457271186,-0.059422228428191,0.305835891942700,1.00,3.00,39.20,38.00,0.3100,-38.3300,5.355681818,5.355681818,in between Pico and Tydeman
TR154 21D-3g,-30.05,1305.00,1.857780405116020,1.224316411146710,1.620756568268100,-0.231758654468969,-0.599819852950998,0.275049762422630,1.00,3.00,38.89,38.00,0.1900,-38.6400,5.390909091,5.390909091,in between Pico and Tydeman
TR154 10D-3g,-30.19,1150.00,1.966218385404990,1.236577729171790,1.468845068010780,-0.270474358085829,-0.356344000143780,0.372269118801761,1.00,3.00,38.70,38.00,0.2700,-38.8300,5.4125,5.4125,in between Pico and Tydeman
TR89 21D-3,-30.36,2775.00,1.796196997664250,1.059981156247410,1.360658762557360,-0.232403916195935,-0.184129372549041,0.335001698856403,1.00,3.00,38.43,38.00,0.0000,-39.1000,5.443181818,5.443181818,in between Pico and Tydeman
TRI0089-021-003,-30.36,-2775.00,1.796180039674030,1.059163207706430,1.360710210165340,-0.231758654468969,-0.184129372549041,0.335001698856403,2.00,3.00,38.43,38.00,0.7000,-39.1000,5.443181818,5.443181818,in between Pico and Tydeman
TR122 5D-2,-31.47,1650.00,1.500536981205660,0.927120383909608,1.127274186175140,0.529650183328554,0.213745801550124,-0.006886371077104,1.00,3.00,37.73,38.00,0.0000,-39.8000,5.522727273,5.522727273,in between Pico and Tydeman
TRI0122-005-002,-31.47,-1650.00,1.500638078855310,0.927079016440629,1.127332016965600,0.529650183328554,0.213745801550124,-0.006886371077104,2.00,3.00,37.73,38.00,0.4395,-39.8000,5.522727273,5.522727273,in between Pico and Tydeman
AII0127-1-015,-32.28,-1706.00,0.822678375823609,0.357814755492195,0.435145985100769,3.910821632531070,0.635374717386564,-0.368218312286474,2.00,3.00,37.29,37.00,0.4805,-40.2395,5.572670455,5.572670455,in between Tydeman and Oceanographer
527-6-1,-33.25,2555.00,0.976719927316477,0.505496881683218,0.569056528653182,1.194269762084110,0.575990363043050,-0.287202181970471,1.00,2.88,36.81,37.00,0.0400,-40.7200,5.627272727,5.627272727,in between Tydeman and Oceanographer
AII73 14-4-17,-33.30,2448.00,0.504549035900997,0.108752349457477,0.108898598791828,1.372361998721230,0.795712474112995,-0.379560570530862,1.00,2.88,36.77,37.00,0.9300,-40.7600,5.631818182,5.631818182,in between Tydeman and Oceanographer
TR119 6D-6g,-34.18,2450.00,0.380192679802807,-0.129050009614299,-0.081123065741556,1.445921835593160,0.777897167809545,-0.374699602711761,1.00,2.88,35.84,36.00,0.5100,-41.6900,5.7375,5.7375,in between Oceanographer and Hayes
TR119 7D-1,-34.90,2250.00,0.605169135505353,-0.703533743351755,0.585361772776673,-0.915736085032773,-0.926433801837684,0.621798800175058,1.00,2.88,35.33,36.00,0.0000,-42.2000,5.795454545,5.795454545,in between Oceanographer and Hayes
TRI0119-007-001,-34.90,-2250.00,0.605180852191209,-0.704439796800481,0.585285220082610,-0.915736085032773,-0.926433801837684,0.621798800175058,2.00,2.75,35.33,36.00,1.1000,-42.2000,5.795454545,5.795454545,in between Oceanographer and Hayes
TR123 1D-6g,-37.15,3100.00,0.367842035454798,-0.138981446783214,-0.090337448091189,1.274927477952300,0.819466215849609,-0.368218312286474,1.00,2.75,34.23,35.00,0.7300,-43.3000,5.920454545,5.920454545,in between Hayes and Charis
CHR0098-004,-39.08,-2240.00,-0.282266550656401,-1.000233971607030,-0.955849868407519,0.852281046802026,1.033249891485070,-0.502705088611143,2.00,2.63,33.50,34.00,0.4670,-44.0300,6.003409091,6.003409091,in between Charis and Cruiser
CHR0098-005-101,-39.33,-2480.00,-0.130285278240932,-0.293304497226609,-0.757136175049186,1.032954330347370,1.514263161664360,-0.582100896320779,2.00,2.63,33.03,33.00,0.4130,-44.4970,6.056477273,6.056477273,in between Cruiser and Atlantis
TR123 5D-3g,-39.87,2700.00,0.152817230811429,-0.431067351899247,-0.409743269106640,1.149101441197590,1.312356356897870,-0.975839289656586,1.00,2.63,32.62,33.00,0.3370,-44.9100,6.103409091,6.103409091,in between Cruiser and Atlantis
CHR0098-006-101,-40.35,-2280.00,-0.005003418547102,0.692676085461845,-0.410491176635225,0.955522923113652,1.181710777343190,-0.698764123975953,2.00,2.63,32.28,32.00,2.1160,-45.2470,6.141704545,6.141704545,in between Atlantis and Tyro
CHR0098-012,-41.92,-2300.00,-0.415763614264576,-1.093251007709690,-1.178850790954080,0.484481862442397,1.027311456050590,-1.026069290452520,2.00,2.63,30.17,32.00,0.0970,-47.3630,6.382159091,6.382159091,in between Atlantis and Tyro
A150 RD20,-42.27,4144.00,-0.590368374373403,-1.409037839846590,-1.393645618509780,0.936165071305043,1.241095131686050,-1.016347354814680,1.00,2.63,30.07,32.00,0.0500,-47.4600,6.393181818,6.393181818,in between Atlantis and Tyro
A150 RD7,-42.07,4280.00,-0.521556076341206,-1.261763349674390,-1.273076067750400,0.800660108646214,1.193587648211500,-0.740892511740231,1.00,2.63,30.02,31.00,0.0000,-47.5100,6.398863636,6.398863636,in between Tyro and Northern
ATL0150-007,-42.07,-4280.00,-0.521534364661827,-1.262542013416580,-1.273129398802970,0.800660108646214,1.193587648211500,-0.740892511740231,2.00,2.63,30.02,31.00,1.1400,-47.5100,6.398863636,6.398863636,in between Tyro and Northern
N-1,-43.33,-3566.00,0.584437462307474,-0.014253388918540,-0.096965127114304,0.077966974465550,0.510667573265713,-0.830010255087889,2.00,2.63,28.88,30.00,23.9730,-48.6500,6.528409091,6.528409091,in between Northern and Kane
RC2806 55D-2g,-32.69,3530.00,1.903385480131330,1.168326789665260,1.582316400580920,0.155398381699269,-0.017853180388127,-0.732790898708577,1.00,2.25,4.91,15.00,0.7120,-72.6230,9.252613636,9.252613636,in between Strakhov and Saint Peter
RC2806 59D-1g,-32.58,4120.00,0.645252456761069,-0.008450158180119,0.124932352760910,0.258640258010895,0.439406348053893,-0.954775095774537,1.00,2.00,4.20,15.00,0.2280,-73.3350,9.333522727,9.333522727,in between Strakhov and Saint Peter
RC2806 53D-4g,-31.55,4430.00,1.258147244496440,0.435649099146408,0.765895424233279,0.224441386482794,0.469098525225649,-0.786261544717243,1.00,2.00,3.97,15.00,0.2660,-73.5630,9.359431818,9.359431818,in between Strakhov and Saint Peter
RC2806 49D-1g,-31.51,3737.50,0.646571137672098,-0.046328991952997,0.110391611398218,0.581271121484367,0.950111795404943,-0.949914127955436,1.00,2.00,3.70,14.00,0.5690,-73.8290,9.389659091,9.389659091,
RC2806 47D-1g,-31.36,3815.00,1.387319125253350,0.507305466590262,0.898238092828823,0.271545492549848,0.575990363043050,-0.831630577694075,1.00,2.00,3.13,14.00,0.2620,-74.3980,9.454318182,9.454318182,
RC2806 45D-1g,-31.35,3070.00,2.324216024484020,1.425520168699760,2.015602840237230,0.265092875280192,-0.190067807982865,-0.582100896320779,1.00,2.00,2.87,14.00,0.4850,-74.6600,9.484090909,9.484090909,
RC2806 43D-5g,-30.77,3674.00,2.780104362520980,1.717944804307220,2.523951717110260,0.155398381699269,-0.255390597760862,-0.488122185154201,1.00,2.00,2.39,13.00,0.4550,-75.1450,9.539204545,9.539204545,
RC2806 41D-1g,-30.64,3190.00,3.294624759707980,1.989855257167490,3.121851915964060,-0.044632753654327,-0.498866450567421,-0.416827990476219,1.00,2.00,1.93,13.00,0.2300,-75.6000,9.590909091,9.590909091,
RC2806 40D-3g,-30.64,3515.00,3.427904928363910,2.246644907285790,3.305708551712930,-0.483410727978378,-0.807665093151976,-0.350394763616978,1.00,2.00,1.70,13.00,0.1940,-75.8300,9.617045455,9.617045455,
RC2806 39D-1g,-30.67,3450.00,2.745494041905040,1.880624012846270,2.709644859243790,-0.496315962517331,-0.457297402527357,-0.463817346059418,1.00,2.00,1.51,13.00,0.4100,-76.0240,9.639090909,9.639090909,
RC2806 37D-1g,-30.44,3345.00,2.468433879745170,1.682041021445760,2.361740054981940,-0.709252332409880,-0.332590258406506,-0.410346700050932,1.00,2.00,1.10,13.00,0.0730,-76.4340,9.685681818,9.685681818,
RC2806 34D-1g,-27.70,4530.00,2.254335709415980,1.781475176297970,1.648929045037120,-0.515673814325582,-0.184129372549041,-0.554555412013442,1.00,2.00,1.02,13.00,0.0370,-76.5070,9.693977273,9.693977273,
RC2806 33D-1g,-27.69,4470.00,2.222743942520880,1.782117927360550,1.612310702570440,-0.515673814325582,-0.071299099297157,-0.726309608283290,1.00,2.00,0.99,13.00,0.0320,-76.5440,9.698181818,9.698181818,
RC2806 36D-1g,-30.42,3285.00,1.913661165434560,1.464928497972620,1.878636242724100,0.241218191383183,-0.106929711902738,-0.601544767596641,1.00,2.00,0.95,13.00,0.0000,-76.5760,9.701818182,9.701818182,
CON2806-036-001,-30.42,-3285.00,1.913657455649230,1.464717485114160,1.878690570852710,0.239282406202286,-0.130683453640011,-0.633951219723079,2.00,2.00,0.95,13.00,0.1650,-76.5760,9.701818182,9.701818182,
RC2806 35D-1g,-30.40,3740.00,1.875700457652160,1.335878398919140,1.769932381693160,-0.272410143266726,-0.320713387538199,-0.609646380628296,1.00,2.00,0.79,13.00,0.0000,-76.7410,9.720568182,9.720568182,
RC2806 35D-4g,-30.40,3740.00,1.885309964929380,1.427739714089180,1.835322747881820,-0.270474358085829,-0.362282435578263,-0.596683799777721,1.00,2.00,0.79,13.00,0.9400,-76.7410,9.720568182,9.720568182,
RC2806 25D-2g,-24.81,3845.00,1.023951435229410,0.460755147107989,0.211503586039234,-0.102706309079437,0.480975396093956,-1.086021226886470,1.00,2.00,-0.15,12.00,0.1190,-77.6810,9.827386364,9.827386364,
RC2806 16D-10g,-16.24,4095.00,0.752700221833679,0.800206830742912,0.382676706114445,0.336071665244614,0.469098525225649,-0.778159931685589,1.00,2.00,-0.27,12.00,0.5210,-77.8000,9.840909091,9.840909091,
RC2806 22D-4g,-24.61,3895.00,1.106283750354130,0.675433812189788,0.335967439562226,-0.199495568121407,0.463160089791166,-0.995283160932448,1.00,2.00,-0.79,11.00,0.1010,-78.3210,9.900113636,9.900113636,
RC2806 21D-1g,-24.58,4275.00,0.966376047273486,0.543456727883504,0.240283306009553,-0.119483113980184,0.575990363043050,-0.949914127955436,1.00,2.00,-0.89,11.00,0.1700,-78.4220,9.911590909,9.911590909,
RC2806 10D-6g,-15.98,4000.00,0.478486507463558,0.169014169470705,-0.121122260871181,0.168303616238222,0.433467912619409,-1.082780581673740,1.00,1.75,-1.06,11.00,0.7810,-78.5920,9.930909091,9.930909091,
RC2806 3D-2g,-12.96,3800.00,-0.138117458990759,-0.230668649356221,-0.616748207976374,0.497387096981350,0.801650909546819,-0.941812514923962,1.00,1.75,-1.84,10.00,1.5900,-79.3730,10.01965909,10.01965909,
END0061-003-001,-12.23,-3045.00,-1.268091020378340,-1.409508930458850,-2.088517920549970,0.619986825101227,1.609278128613460,-1.614246396546770,2.00,1.75,-3.43,10.00,0.0000,-80.9630,10.20034091,10.20034091,
END0061-003-001,-12.23,-3045.00,-1.268091020378340,-1.409508930458850,-2.088517920549970,0.400597837939022,1.609278128613460,-1.602904138302560,2.00,1.75,-3.43,10.00,0.8390,-80.9630,10.20034091,10.20034091,
EN061 4D-1g,-12.20,2300.00,-1.505959795706150,-1.652436189207500,-2.380517278746540,0.678060380526337,1.751800579037100,-1.473278329796990,1.00,1.75,-4.27,10.00,0.0000,-81.8020,10.29568182,10.29568182,
END0061-004-001,-12.20,-2300.00,-1.505921173698760,-1.653213565047880,-2.380627049786710,0.678060380526337,1.751800579037100,-1.534850588837130,2.00,1.75,-4.27,10.00,0.9130,-81.8020,10.29568182,10.29568182,
END0061-005-001,-11.52,-3300.00,-1.354350661479010,-1.465319152120460,-2.174627187671920,1.284606403856420,1.894323029460740,-1.708225107713350,2.00,1.75,-5.19,10.00,0.5950,-82.7150,10.39943182,10.39943182,
ARGLSDA-003-003,-11.42,-2380.00,-1.309167039950090,1.604243039268190,0.163570604177729,2.013752155306740,1.781492756208850,-1.332310263047040,2.00,1.75,-5.78,10.00,1.8035,-83.3100,10.46704545,10.46704545,
MET41/2-130-003,-13.47,-3925.00,-1.054495718605250,-0.683976048857905,-1.580694037523130,1.452374452862810,1.829000239682740,-1.385780909055700,2.00,1.50,-7.58,9.00,0.4245,-85.1135,10.67198864,10.67198864,
EN061 08D-2Ag,-13.40,3390.00,-0.073666564272027,-0.559844548293734,-0.737365520290026,0.845828429532729,1.365802275806900,-1.269117681400530,1.00,1.50,-8.01,9.00,0.6070,-85.5380,10.72022727,10.72022727,
EN061 09D-1,-13.27,2205.00,1.401120742636180,1.608010613178970,1.640182644259420,-0.606010456098254,-0.184129372549041,-0.279100568938996,1.00,1.50,-8.62,9.00,1.9350,-86.1450,10.78920455,10.78920455,
EN061 13D-1g,-13.01,3288.00,-0.083217478511581,-0.128784064108936,-0.427394093686950,1.097480503041780,1.187649212777020,-1.111946388587440,1.00,1.50,-10.55,9.00,0.0030,-88.0800,11.00909091,11.00909091,
END0061-013-001,-13.01,-3288.00,-0.083253235831281,-0.129594513685900,-0.427492237066992,1.097480503041780,1.187649212777020,-1.173518647627760,2.00,1.50,-10.55,9.00,3.5253,-88.0830,11.00943182,11.00943182,
CON0016-007-001,-14.47,-3559.00,-0.440409226007625,-0.497941976652504,-1.090533593905940,0.374787368861116,1.235156696251560,-1.343652521291240,2.00,1.50,-14.08,7.00,1.3817,-91.6083,11.41003409,11.41003409,
EN061 18D-1g,-13.26,2860.00,0.959261383898603,0.766179914046927,0.531827964014371,-0.851209912338007,-0.118806582771704,-0.423309280901507,1.00,1.50,-15.46,7.00,0.0030,-92.9900,11.56704545,11.56704545,
END0061-018-001,-13.26,-2860.00,0.959256140899672,0.767089714344018,0.531853315868482,-0.851209912338007,-0.118806582771704,-0.411967022657119,2.00,1.50,-15.46,7.00,6.0370,-92.9930,11.56738636,11.56738636,
END0063-002-005,-11.82,-3460.00,-0.216544919341605,-0.144477239462328,-0.856493021728353,0.155398381699269,0.956050230839426,-1.293422520495310,2.00,1.25,-21.50,3.00,9.4800,-99.0300,12.25340909,12.25340909,
EN063 24D-5g,-13.46,3530.00,-0.182134001434340,-0.349982218638120,-0.611721888107471,-0.173685099043501,0.599744104780324,-0.901304449765870,1.00,1.25,-30.98,2.00,6.2070,-108.5100,13.33068182,13.33068182,
AII 107-7 14-77,-17.52,2399.00,-0.221767041875785,0.370206913364638,0.439683847183449,-0.793136356912897,-0.831418834889249,1.524318491895480,1.00,1.25,-37.19,2.00,0.6430,-114.7170,14.03602273,14.03602273,
AII 107-7 13-1g,-17.14,2199.00,-0.579947160867158,-0.201144379399580,-0.461368111608556,-0.147874629965952,0.267191720459154,-0.353635408829712,1.00,1.25,-37.83,2.00,2.6080,-115.3600,14.10909091,14.10909091,
AII 107-7 07-3g,-16.75,2612.00,-0.550610258468763,-0.368755283700305,-0.489747857980753,0.110230060813112,0.047469609389210,-0.395763796593990,1.00,1.25,-40.44,1.00,0.1490,-117.9680,14.40545455,14.40545455,
EW9309 45D-3g,-16.77,3202.50,-0.298469840735119,0.159041071386451,-0.059143110999651,-0.386621468936050,-0.083175970165464,-0.003645725864550,1.00,1.25,-40.59,1.00,0.0000,-118.1170,14.42238636,14.42238636,
EWI9309-045-003,-16.77,-3203.00,-0.298491578387240,0.158758298232449,-0.059209525376223,-0.386621468936050,-0.083175970165464,-0.003645725864550,2.00,1.25,-40.59,1.00,0.2747,-118.1170,14.42238636,14.42238636,
EWI9309-044-003,-16.79,-3194.00,-0.309171343475891,-0.211449505456238,-0.252182600926425,-0.270474358085829,-1.288678363331270,-0.612887025840849,2.00,1.25,-40.86,0.00,0.0003,-118.3917,14.45360227,14.45360227,
EW9309 44D-3g,-16.79,3066.50,-0.309120020041579,-0.212349932657860,-0.252184854028129,-0.270474358085829,-0.017853180388127,-0.612887025840849,1.00,1.25,-40.86,0.00,0.3860,-118.3920,14.45363636,14.45363636,
AII 107-7 06-20g,-16.60,2394.00,-0.617059146266404,-0.073796428606045,-0.354221665871853,-0.535031666133833,-0.492928015132937,-0.024709919746600,1.00,1.25,-41.25,0.00,0.0000,-118.7780,14.4975,14.4975,
AII0107-7-006-020,-16.60,-2420.00,-0.617036110166144,-0.073784292024286,-0.354188963517030,-0.535031666133833,-0.492928015132937,-0.024709919746600,2.00,1.25,-41.25,0.00,0.9370,-118.7780,14.4975,14.4975,
EW9309 43D-1g,-16.08,2925.00,-0.943340509718538,-0.264392119982441,-0.625921645722128,-0.322095296241642,-0.136621889074495,-0.074939920542532,1.00,1.25,-42.19,0.00,0.0000,-119.7150,14.60397727,14.60397727,
EW9309 43D-2g,-16.08,2925.00,-0.941227804770383,-0.300698592821743,-0.638499609050630,-0.231758654468969,-0.302898081235409,-0.403865409625645,1.00,1.25,-42.19,0.00,0.0017,-119.7150,14.60397727,14.60397727,
EWI9309-043-001,-16.08,-3000.00,-0.943385085663677,-0.263539045673753,-0.625985137432698,-0.322095296241642,-0.136621889074495,-0.074939920542532,2.00,1.25,-42.19,0.00,0.0000,-119.7167,14.60417045,14.60417045,
EWI9309-043-002,-16.08,-3000.00,-0.941125904587229,-0.300745860114839,-0.638570338012053,-0.231758654468969,-0.302898081235409,-0.403865409625645,2.00,1.25,-42.19,0.00,0.7283,-119.7167,14.60417045,14.60417045,
AII 107-7 04-4g,-16.37,2802.00,-0.870882638647124,-0.491697592452760,-0.689267634162842,0.006988184501486,-0.053483792993708,-0.178640567347131,1.00,1.25,-42.92,0.00,0.5117,-120.4450,14.68693182,14.68693182,
EWI9309-042-001,-16.17,-3522.00,-0.511265359768893,0.484317924591851,0.255641282100417,-1.154482924003230,-1.365878023976910,1.465986878067890,2.00,1.25,-43.43,0.00,0.0003,-120.9567,14.74507955,14.74507955,
EW9309 42D-1g,-16.17,3448.50,-0.511204548152536,0.485097848062871,0.255649081542761,-1.154482924003230,-1.365878023976910,1.465986878067890,1.00,1.25,-43.43,0.00,0.5930,-120.9570,14.74511364,14.74511364,
EW9309 41D-1g,-16.08,3522.00,-1.088174202762940,-0.364338788228840,-0.771749273966724,0.174756233507878,0.338452945670316,0.163247502586556,1.00,1.25,-44.02,0.00,0.0033,-121.5500,14.8125,14.8125,
EWI9309-041-001,-16.07,-3600.00,-1.088178054654090,-0.363997444664651,-0.771708512562127,0.174756233507878,0.338452945670316,0.163247502586556,2.00,1.25,-44.02,0.00,0.3867,-121.5533,14.812875,14.812875,
EW9309 40D-1g,-15.91,3488.00,-1.058883467584570,-0.537359195388746,-0.846744609792399,0.503839714250648,0.249376414155705,-0.283961536757917,1.00,1.25,-44.41,0.00,0.0000,-121.9400,14.85681818,14.85681818,
EWI9309-040-001,-15.91,-3488.00,-1.058808700660290,-0.537009131815640,-0.846778130053048,0.503839714250648,0.249376414155705,-0.283961536757917,2.00,1.25,-44.41,0.00,0.2720,-121.9400,14.85681818,14.85681818,
EWI9309-039-001,-15.39,-3534.00,-0.890807780611838,-0.008672366752392,-0.381125708616714,-0.380168851666752,-0.522620192304694,0.869708158942167,2.00,1.25,-44.68,0.00,0.5510,-122.2120,14.88772727,14.88772727,
EW9309 37D-1g,-15.07,3534.00,-0.910620351357557,0.188593390261589,-0.236822256639825,-0.818946825990803,-0.718588561636706,1.537281072746050,1.00,1.25,-45.23,0.00,0.0000,-122.7630,14.95034091,14.95034091,
EW9309 39D-1g,-15.07,3534.00,-0.890881210660388,-0.009590316360908,-0.381144796338386,-0.380168851666752,-0.522620192304694,0.869708158942167,1.00,1.25,-45.23,0.00,0.0000,-122.7630,14.95034091,14.95034091,
EWI9309-037-001,-15.08,-3534.00,-0.910524270006275,0.188523749785305,-0.236727091442989,-0.818946825990803,-0.718588561636706,1.537281072746050,2.00,1.25,-45.23,0.00,0.3340,-122.7630,14.95034091,14.95034091,
EW9309 36D-1g,-14.71,3114.00,-0.947893412511468,-0.379143233735110,-0.697538418316427,-0.231758654468969,-0.077237534730981,0.064407823600878,1.00,1.00,-45.57,0.00,0.0000,-123.0970,14.98829545,14.98829545,
EWI9309-036-001,-14.71,-3443.00,-0.947903447816566,-0.378880170441079,-0.697522067041686,-0.231758654468969,-0.077237534730981,0.064407823600878,2.00,1.00,-45.57,0.00,0.2800,-123.0970,14.98829545,14.98829545,
EW9309 34D-1g,-14.19,3442.50,-0.785735367055550,-0.029734944020977,-0.144553202937231,-0.877020381415914,-0.730465432505672,0.602354928899195,1.00,1.00,-45.85,0.00,0.0000,-123.3770,15.02011364,15.02011364,
EWI9309-034-001,-14.19,-3443.00,-0.785653170508162,-0.029136114694969,-0.144656413520300,-0.877020381415914,-0.730465432505672,0.602354928899195,2.00,1.00,-45.85,0.00,0.1430,-123.3770,15.02011364,15.02011364,
EW9309 33D-1g,-14.08,3381.00,-0.833932947225068,0.574614516798538,0.089912219782124,-1.354514059356820,-1.573723264177890,2.110875275383360,1.00,1.00,-45.99,0.00,0.0000,-123.5200,15.03636364,15.03636364,
EWI9309-033-001,-14.08,-3381.00,-0.833917493504969,0.575474619972469,0.089825744642527,-1.354514059356820,-1.573723264177890,2.110875275383360,2.00,1.00,-45.99,0.00,0.2220,-123.5200,15.03636364,15.03636364,
AII 107-7 02-53g,-13.64,2699.00,-0.684708604772627,0.204617250694664,-0.209077961313147,-0.231758654468969,-0.148498759942802,0.127600405247385,1.00,1.00,-46.21,0.00,0.0000,-123.7420,15.06159091,15.06159091,
AII0107-7-002-053,-14.07,-2735.00,-0.684606162361665,0.205266816283782,-0.209127967365453,-0.231758654468969,-0.148498759942802,0.127600405247385,2.00,1.00,-46.21,0.00,0.0180,-123.7420,15.06159091,15.06159091,
EW9309 32D-1g,-13.55,3108.00,-0.819643745153161,-0.019096710750689,-0.485591693705183,-0.399526703475003,-0.374159306446570,-0.003645725864550,1.00,1.00,-46.23,0.00,0.0000,-123.7600,15.06363636,15.06363636,
EW9309 32D-2g,-13.55,3108.00,-0.734883312605377,0.306515350231321,-0.109416566562444,-0.825399443260101,-0.843295705757556,1.391452038177180,1.00,1.00,-46.23,0.00,0.0000,-123.7600,15.06363636,15.06363636,
EWI9309-032-001,-13.56,-3108.00,-0.819746266752713,-0.019834411084722,-0.485560794126145,-0.399526703475003,-0.374159306446570,-0.003645725864550,2.00,1.00,-46.23,0.00,0.0000,-123.7600,15.06363636,15.06363636,
EWI9309-032-002,-13.56,-3108.00,-0.734924286337055,0.305725215274680,-0.109329534701046,-0.825399443260101,-0.843295705757556,1.391452038177180,2.00,1.00,-46.23,0.00,0.1580,-123.7600,15.06363636,15.06363636,
EW9309 31D-1g,-13.45,2822.00,-0.649394817549469,0.469608965299035,0.031243476729729,-0.902830850493820,-1.490585168097760,1.133820743772410,1.00,1.00,-46.39,0.00,0.0000,-123.9180,15.08159091,15.08159091,
EWI9309-031-001,-13.46,-2822.00,-0.649486165627822,0.469435198815423,0.031315601598134,-0.902830850493820,-1.490585168097760,1.133820743772410,2.00,1.00,-46.39,0.00,0.2040,-123.9180,15.08159091,15.08159091,
EW9309 30D-1g,-13.38,3153.00,-0.844320551073506,0.177419193830748,-0.338282691176314,-0.444695024361518,-0.605758288384821,0.537542024646501,1.00,1.00,-46.59,0.00,0.0000,-124.1220,15.10477273,15.10477273,
EWI9309-030-001,-13.39,-3153.00,-0.844391878495762,0.177361705452976,-0.338291868048354,-0.444695024361518,-0.605758288384821,0.537542024646501,2.00,1.00,-46.59,0.00,0.3080,-124.1220,15.10477273,15.10477273,
EW9309 28D-1g,-13.45,3416.50,-0.926916816165487,-0.152220372612275,-0.696637900946319,0.090872209004503,0.510667573265713,-0.233731535961984,1.00,1.00,-46.90,0.00,0.0000,-124.4300,15.13977273,15.13977273,
EWI9309-028-001,-13.45,-3417.00,-0.926954677834980,-0.151918602350525,-0.696638895071206,0.090872209004503,0.510667573265713,-0.233731535961984,2.00,1.00,-46.90,0.00,0.2070,-124.4300,15.13977273,15.13977273,
EW9309 27D-2g,-13.40,3080.50,-0.311200997565668,0.221344042171159,0.162052939098385,-0.541484283403488,-0.279144339498135,0.294493633698492,1.00,1.00,-47.11,0.00,0.0000,-124.6370,15.16329545,15.16329545,
EWI9309-027-002,-13.40,-3081.00,-0.311225144454481,0.222009882782260,0.162025053229382,-0.541484283403488,-0.279144339498135,0.294493633698492,2.00,1.00,-47.11,0.00,0.2410,-124.6370,15.16329545,15.16329545,
EW9309 25D-1g,-10.32,2032.00,-0.462537790708111,2.241445730630230,1.303573448052730,-2.993478845802090,-3.331500152734150,4.141139501102720,1.00,1.00,-47.35,0.00,0.0000,-124.8780,15.19068182,15.19068182,
EW9309 25D-5g,-10.32,2032.00,-0.527928414346010,1.811171023905700,1.149956611182090,-3.032194549418950,-3.717498455965010,4.384187892050720,1.00,1.00,-47.35,0.00,0.0000,-124.8780,15.19068182,15.19068182,
EWI9309-025-001,-10.43,-2032.00,-0.462590276576368,2.242339906932620,1.303524825076660,-2.993478845802090,-3.331500152734150,4.141139501102720,2.00,1.00,-47.35,0.00,0.0000,-124.8780,15.19068182,15.19068182,
EWI9309-025-005,-10.43,-2032.00,-0.527901147695448,1.810740859416130,1.149852902212890,-3.032194549418950,-3.717498455965010,4.384187892050720,2.00,1.00,-47.35,0.00,0.0050,-124.8780,15.19068182,15.19068182,
EW9309 26D-1g,-13.40,3857.00,-0.826891048745921,0.042726217360938,-0.524210163774171,-1.051241047691600,-0.148498759942802,-0.162437341283823,1.00,1.00,-47.35,0.00,0.0000,-124.8830,15.19125,15.19125,
EW9309 26D-2g,-13.40,3857.00,-0.824867413374853,0.013566502535645,-0.543970346576457,-0.031727519115374,0.041531173954727,-0.168918631709110,1.00,1.00,-47.35,0.00,0.0000,-124.8830,15.19125,15.19125,
EWI9309-026-001,-13.40,-3857.00,-0.826934570177774,0.043417173465123,-0.524199567834705,-0.322095296241642,-0.148498759942802,-0.162437341283823,2.00,1.00,-47.35,0.00,0.0000,-124.8830,15.19125,15.19125,
EWI9309-026-002,-13.40,-3857.00,-0.824880769199184,0.013651721912266,-0.544070937170538,-0.031727519115374,0.041531173954727,-0.168918631709110,2.00,1.00,-47.35,0.00,0.1950,-124.8830,15.19125,15.19125,
EW9309 02D-1g,-10.18,2493.50,-0.702617288653872,0.287170780616363,0.299536887875978,-1.761028947333310,-2.013167486317120,1.547003008383890,1.00,1.00,-47.55,0.00,0.0000,-125.0780,15.21340909,15.21340909,
EWI9309-002-001,-10.19,-2494.00,-0.702679610973235,0.287121808054154,0.299579087631869,-1.761028947333310,-2.013167486317120,1.547003008383890,2.00,1.00,-47.55,0.00,0.0000,-125.0780,15.21340909,15.21340909,
EWI9309-002-003,-10.19,-2494.00,-0.432194022093280,0.543848827697563,0.474888723772436,-1.619071367404830,-1.781568504378870,1.545382685777710,2.00,1.00,-47.55,0.00,0.2470,-125.0780,15.21340909,15.21340909,
EW9309 03D-3g,-10.15,2549.00,-0.669568999180542,0.470728734900716,0.218115370733590,-0.812494208721148,-0.433543660790083,0.958825902289644,1.00,1.00,-47.80,0.00,0.0000,-125.3250,15.24147727,15.24147727,
EWI9309-003-003,-10.15,-2549.00,-0.669613415217975,0.471295539537472,0.218106473354949,-0.812494208721148,-0.433543660790083,0.958825902289644,2.00,1.00,-47.80,0.00,0.1720,-125.3250,15.24147727,15.24147727,
EW9309 04D-2g,-10.08,2895.00,-0.714616363604479,0.390575701161709,0.208343556892939,-1.283535269392400,-1.662799795692500,1.216457196694590,1.00,1.00,-47.97,0.00,0.0000,-125.4970,15.26102273,15.26102273,
EWI9309-004-002,-10.08,-2895.00,-0.714591656649043,0.391300888489150,0.208391581679660,-1.283535269392400,-1.662799795692500,1.216457196694590,2.00,1.00,-47.97,0.00,0.0000,-125.4970,15.26102273,15.26102273,
EWI9309-004-003,-10.08,-2895.00,-0.736361947022070,0.227590904948441,0.124269451491302,-1.096409368577760,-1.538092651572310,0.955585257077091,2.00,1.00,-47.97,0.00,0.0090,-125.4970,15.26102273,15.26102273,
EW9309 04D-3g,-10.08,2895.00,-0.736290254842249,0.226782343579761,0.124171992464968,-1.096409368577760,-1.538092651572310,0.955585257077091,1.00,1.00,-47.98,0.00,0.2640,-125.5060,15.26204545,15.26204545,
EW9309 05D-5g,-9.99,3452.50,-0.736848839481770,0.050596214089982,0.153657484775537,-1.644881836482730,-2.357596741507260,1.302334294829700,1.00,1.00,-48.24,0.00,0.0000,-125.7700,15.29204545,15.29204545,
EWI9309-005-005,-10.00,-3453.00,-0.736772707217787,0.050858536353320,0.153634919509812,-1.644881836482730,-2.357596741507260,1.302334294829700,2.00,1.00,-48.24,0.00,0.3140,-125.7700,15.29204545,15.29204545,
EWI9309-006-001,-10.17,-3267.00,-1.056549519583840,1.418208967062820,-0.085925477483280,-2.277238328891080,-2.517934498233690,3.455743038629150,2.00,1.00,-48.55,0.00,0.2060,-126.0840,15.32772727,15.32772727,
EW9309 07D-1g,-10.07,3217.50,-1.377992806897130,1.236935552522390,-0.154158838741960,-2.812805562257110,-2.981132462110190,3.112234646089280,1.00,1.00,-48.76,0.00,0.0000,-126.2900,15.35113636,15.35113636,
EW9309 07D-6g,-10.07,3217.50,-1.375998513720250,1.230968842023780,-0.161070971908958,-2.716016303214780,-3.159285525139410,3.386069166557540,1.00,1.00,-48.76,0.00,0.0000,-126.2900,15.35113636,15.35113636,
EW9309 07D-2g,-10.07,3217.50,-1.160083886656190,1.034737418038920,-0.259716226177070,-1.122219837655670,-1.532154216137830,2.096292371926600,1.00,1.00,-48.76,0.00,0.0000,-126.2900,15.35113636,15.35113636,
EWI9309-007-001,-10.07,-3218.00,-1.377969372732770,1.237755917023600,-0.154150512202977,-2.812805562257110,-2.981132462110190,3.112234646089280,2.00,1.00,-48.76,0.00,0.0000,-126.2900,15.35113636,15.35113636,
EWI9309-007-002,-10.07,-3218.00,-1.160061088904640,1.034978778319760,-0.259689562675516,-1.122219837655670,-1.532154216137830,2.096292371926600,2.00,1.00,-48.76,0.00,0.0000,-126.2900,15.35113636,15.35113636,
EWI9309-007-006,-10.07,-3218.00,-1.375915571754180,1.230314554135370,-0.160995094974201,-2.716016303214780,-3.159285525139410,3.386069166557360,2.00,1.00,-48.76,0.00,0.2030,-126.2900,15.35113636,15.35113636,
EW9309 08D-1g,-9.97,3893.50,-1.293103864904870,0.985563024209339,-0.384216367229302,-1.193198627620090,-1.419323942885940,1.804634302788840,1.00,1.00,-48.96,0.00,0.0000,-126.4930,15.37420455,15.37420455,
EWI9309-008-001,-9.97,-3894.00,-1.293147392317110,0.984749578824292,-0.384216810513392,-1.193198627620090,-1.419323942885940,1.804634302788840,2.00,1.00,-48.96,0.00,0.1840,-126.4930,15.37420455,15.37420455,
EW9309 09D-1g,-9.91,3892.00,-1.310552909778150,1.113520213191400,-0.244333843920091,-1.651334453752390,-1.621230747652440,2.319896891598750,1.00,1.00,-49.15,0.00,0.0000,-126.6770,15.39511364,15.39511364,
EW9309 09D-3g,-9.91,3892.00,-1.064829036526820,1.027734512602610,-0.057798355761077,-1.244819565775900,-0.700773255333915,1.801393657576290,1.00,1.00,-49.15,0.00,0.0000,-126.6770,15.39511364,15.39511364,
EWI9309-009-001,-9.91,-3892.00,-1.310604700635100,1.113113088646000,-0.244234053192079,-1.651334453752390,-1.621230747652440,2.319896891598750,2.00,1.00,-49.15,0.00,0.0000,-126.6770,15.39511364,15.39511364,
EWI9309-009-003,-9.91,-3892.00,-1.064764723498190,1.027537415431530,-0.057884767420504,-1.244819565775900,-0.700773255333915,1.801393657576290,2.00,1.00,-49.15,0.00,0.0980,-126.6770,15.39511364,15.39511364,
EWI9309-010-003,-8.14,-3860.00,-0.990827888269044,-0.535148791093590,-1.092741523832140,0.148945764429972,0.558175056740260,-0.808946061205659,2.00,1.00,-49.25,0.00,0.0000,-126.7750,15.40625,15.40625,
EWI9309-010-005,-8.14,-3860.00,-0.693026746373875,-0.423528347770363,-0.878572320990384,-0.038180136384671,-0.380097741881053,-0.703625091794874,2.00,1.00,-49.25,0.00,0.1980,-126.7750,15.40625,15.40625,
EW9309 11D-1g,-7.97,3868.00,-0.455318194367817,-0.073252006785767,-0.584519141510152,-0.154327247235250,0.362206687407589,-0.988801870507161,1.00,1.00,-49.44,0.00,0.0000,-126.9730,15.42875,15.42875,
EWI9309-011-001,-7.97,-3868.00,-0.455401973151315,-0.073784292024286,-0.584476054820057,-0.154327247235250,0.362206687407589,-0.988801870507161,2.00,1.00,-49.44,0.00,0.3140,-126.9730,15.42875,15.42875,
EW9309 12D-3g,-8.03,3874.00,-0.517138673652385,0.016931914618516,-0.520279626551239,-0.076895840001531,0.380021993711039,-1.082780581673740,1.00,1.00,-49.76,0.00,0.0000,-127.2870,15.46443182,15.46443182,
EWI9309-012-003,-8.00,-3874.00,-0.517221382606797,0.017372403356365,-0.520225293967532,-0.076895840001531,0.380021993711039,-1.082780581673740,2.00,1.00,-49.76,0.00,0.2360,-127.2870,15.46443182,15.46443182,
EW9309 13D-1g,-7.88,3555.00,-0.247022160683686,-0.058824095599305,-0.427512444476251,-0.083348457271186,0.979803972576040,-1.071438323429530,1.00,1.00,-49.99,0.00,0.0000,-127.5230,15.49125,15.49125,
EWI9309-013-001,-7.88,-3555.00,-0.246941173824693,-0.058901566247858,-0.427492237066992,-0.083348457271186,0.979803972576040,-1.071438323429530,2.00,1.00,-49.99,0.00,0.2740,-127.5230,15.49125,15.49125,
EW9309 14D-1g,-7.06,3347.00,-0.122978690940425,0.104581276852820,-0.175742355885150,-0.199495568121407,0.189992059812851,-0.855935416788858,1.00,1.00,-50.27,0.00,0.0000,-127.7970,15.52238636,15.52238636,
EW9309 14D-4g,-7.06,3347.00,-0.838968077894183,0.231275750090969,-0.786604903576931,-0.728610184218131,-0.397913048183843,-0.170538954315477,1.00,1.00,-50.27,0.00,0.0000,-127.7970,15.52238636,15.52238636,
EWI9309-014-001,-7.06,-3347.00,-0.122891594718020,0.104808417292884,-0.175788225479770,-0.199495568121407,0.189992059812851,-0.855935416788858,2.00,1.00,-50.27,0.00,0.0000,-127.7970,15.52238636,15.52238636,
EWI9309-014-004,-7.06,-3347.00,-0.839051995951440,0.231311586392540,-0.786501643067696,-0.728610184218131,-0.397913048183843,-0.170538954315477,2.00,1.00,-50.27,0.00,0.1910,-127.7970,15.52238636,15.52238636,
EW9309 24D-3g,-6.53,3183.00,0.078027340421713,0.187361227320529,0.078885034270845,-0.502768579786629,0.047469609389210,-0.693903156156852,1.00,1.00,-50.46,0.00,0.0000,-127.9880,15.54409091,15.54409091,
EWI9309-024-003,-6.53,-3183.00,0.077970140987825,0.186663409063256,0.078786095011503,-0.502768579786629,0.047469609389210,-0.693903156156852,2.00,1.00,-50.46,0.00,0.1200,-127.9880,15.54409091,15.54409091,
EW9309 15D-1g,-6.43,2980.00,0.107186047339583,0.439435210406413,0.142844526299762,-0.560842135211739,0.100915528298240,-0.698764123975953,1.00,1.00,-50.58,0.00,0.0000,-128.1080,15.55772727,15.55772727,
EWI9309-015-001,-6.43,-2980.00,0.107134114883770,0.439669747262567,0.142816062871416,-0.205948185391063,0.100915528298240,-0.698764123975953,2.00,1.00,-50.58,0.00,0.1790,-128.1080,15.55772727,15.55772727,
EW9309 17D-1g,-6.34,2942.50,0.603551113687540,0.867087778834891,0.618625383733453,-0.754420653296037,-0.178190937114558,-0.797603802961451,1.00,1.00,-50.76,0.00,0.0000,-128.2870,15.57806818,15.57806818,
EWI9309-017-001,-6.34,-2943.00,0.603537811408336,0.867548113334916,0.618624961968294,-0.754420653296037,-0.178190937114558,-0.797603802961451,2.00,1.00,-50.76,0.00,0.2960,-128.2870,15.57806818,15.57806818,
EW9309 18D-1g,-6.20,1991.00,0.069704831544643,0.865585195326644,0.561591123842077,-0.902830850493820,-0.855172576625863,0.095193953121128,1.00,1.00,-51.05,0.00,0.0000,-128.5830,15.61170455,15.61170455,
EWI9309-018-001,-6.20,-1991.00,0.069754937073480,0.865687772612867,0.561660369872232,-0.902830850493820,-0.855172576625863,0.095193953121128,2.00,1.00,-51.05,0.00,0.0090,-128.5830,15.61170455,15.61170455,
EW9309 19D-1g,-6.16,1743.00,1.075015329649540,1.796317428043820,1.423530288322580,-1.302893121201010,-0.772034480545736,-0.700384446582140,1.00,1.00,-51.06,0.00,0.0000,-128.5920,15.61272727,15.61272727,
EW9309 19D-3g,-6.16,1743.00,0.198106738192500,0.659778355367417,0.621976196577713,-0.722157566948475,-0.605758288384821,0.074129759238899,1.00,1.00,-51.06,0.00,0.0000,-128.5920,15.61272727,15.61272727,
EWI9309-019-001,-6.16,-1743.00,1.075090516092000,1.795858133639710,1.423636213062130,-1.341608824817870,-0.023791615822610,-0.700384446582140,2.00,1.00,-51.06,0.00,0.0000,-128.5920,15.61272727,15.61272727,
EWI9309-019-003,-6.16,-1743.00,0.198117498235191,0.659189952464890,0.621936856857599,-0.722157566948475,-0.605758288384821,0.074129759238899,2.00,1.00,-51.06,0.00,0.2180,-128.5920,15.61272727,15.61272727,
AG32-10-1,-5.85,2025.00,0.454945694585391,1.331929407114130,0.843389848122398,-1.225461713967290,-1.074894687695810,0.556985895922363,1.00,1.00,-51.28,0.00,0.0000,-128.8100,15.6375,15.6375,
AGU0032-010-001,5.85,-2075.00,0.455048000656471,1.332633293848350,0.843392228455816,-1.225461713967290,-1.074894687695810,0.556985895922363,2.00,1.00,-51.28,0.00,0.1480,-128.8100,15.6375,15.6375,
EW9309 20D-1g,-5.78,1719.00,0.540391535799627,1.267153752931500,0.855579405815599,-1.186746010350430,-1.181786525513210,0.433841377841902,1.00,1.00,-51.43,0.00,0.0000,-128.9580,15.65431818,15.65431818,
EWI9309-020-001,-5.78,-1719.00,0.540486121365704,1.267521368576460,0.855535843049947,-1.186746010350430,-1.181786525513210,0.433841377841902,2.00,1.00,-51.43,0.00,0.1920,-128.9580,15.65431818,15.65431818,
AG32-9-1,-5.60,1675.00,0.460670170429751,1.329901443166260,0.793756106805160,-1.077051516769510,-0.712650126202882,0.616937832356137,1.00,1.00,-51.62,0.00,0.0000,-129.1500,15.67613636,15.67613636,
AGU0032-009-001,5.60,-1775.00,0.460593263298659,1.330772953126270,0.793713805116233,-1.077051516769510,-0.712650126202882,0.616937832356137,2.00,1.00,-51.62,0.00,0.2020,-129.1500,15.67613636,15.67613636,
EW9309 21D-1g,-5.50,2025.00,0.605242903347500,1.468122420831790,0.956637693347860,-1.328703590278920,-1.027387204221260,-0.092763469212028,1.00,1.00,-51.82,0.00,0.0000,-129.3520,15.69909091,15.69909091,
EWI9309-021-001,-5.50,-2025.00,0.605180852191209,1.468438166558250,0.956659033670073,-1.328703590278920,-1.027387204221260,-0.092763469212028,2.00,1.00,-51.82,0.00,0.3350,-129.3520,15.69909091,15.69909091,
EW9309 23D-1g,-5.34,2609.00,0.115755226465261,0.847964215703811,0.436160635482954,-0.883472998685569,-0.623573594688271,-0.185121857772418,1.00,1.00,-52.16,0.00,0.0000,-129.6870,15.73715909,15.73715909,
EWI9309-023-001,-5.34,-2609.00,0.115760078993832,0.847084365392307,0.436249950063876,-0.883472998685569,-0.623573594688271,-0.185121857772418,2.00,1.00,-52.16,0.00,0.1130,-129.6870,15.73715909,15.73715909,
AG32-7-1,-4.83,3400.00,-0.619480525627217,0.211210523700105,0.078628802469044,-1.077051516769510,-0.789849786848526,0.375509764014495,1.00,1.00,-52.27,0.00,0.0000,-129.8000,15.75,15.75,
AGU0032-007-001,4.83,-2950.00,-0.619500671340443,0.210847838449931,0.078565302018891,-1.077051516769510,-0.789849786848526,0.375509764014495,2.00,1.00,-52.27,0.00,0.1880,-129.8000,15.75,15.75,
EW9309 22D-3g,-4.57,3059.00,-0.520614212556741,0.498138373150176,0.247107691265037,-1.006072726805450,-0.582004546647548,0.654205252301495,1.00,1.00,-52.46,0.00,0.0000,-129.9880,15.77136364,15.77136364,
EWI9309-022-003,-4.57,-3059.00,-0.520712844270394,0.497340309646230,0.247030355388219,-1.006072726805450,-0.582004546647548,0.654205252301495,2.00,1.00,-52.46,0.00,0.1920,-129.9880,15.77136364,15.77136364,
AG32-6-2g,-4.38,2325.00,-0.676423479871530,0.395095098342391,0.004166694891462,-0.786683739643241,-0.611696723819305,0.441942990873556,1.00,1.00,-52.65,0.00,0.0000,-130.1800,15.79318182,15.79318182,
AGU0032-006-002,4.38,-2325.00,-0.676390958447320,0.395021569933249,0.004158063505822,-0.786683739643241,-0.611696723819305,0.441942990873556,2.00,1.00,-52.65,0.00,0.3300,-130.1800,15.79318182,15.79318182,
AG32 5-1,-4.33,1700.00,0.155103403241541,0.941642453520214,0.799558061681713,-1.064146282230560,-0.855172576625863,0.603975251505562,1.00,1.00,-52.98,0.00,0.0000,-130.5100,15.83068182,15.83068182,
AGU0032-005-001,-4.33,-1650.00,0.155193057782713,0.941961742217057,0.799454422924365,-1.064146282230560,-0.855172576625863,0.603975251505562,2.00,1.00,-52.98,0.00,1.0500,-130.5100,15.83068182,15.83068182,
AG32-4-111,-2.30,2500.00,-0.022401851695279,1.162682956219840,0.575787503894627,-0.431789789822565,-0.154437195377285,0.453285249117764,1.00,1.00,-54.03,0.00,0.0000,-131.5600,15.95,15.95,
AGU0032-004-111,2.13,-2500.00,-0.022460726865098,1.163342288141460,0.575791121399933,-0.431789789822565,-0.154437195377285,0.453285249117764,2.00,1.00,-54.03,0.00,0.0900,-131.5600,15.95,15.95,
AG32-3-99,-1.97,2250.00,0.328868574138689,1.171610923921240,0.341158336382611,-0.425337172552909,0.403775735448312,-0.136512179582673,1.00,1.00,-54.12,0.00,0.2500,-131.6500,15.96022727,15.96022727,
AG32-2-3g,-1.20,2250.00,0.268573709322334,1.402087133569120,0.684472600050061,-0.625368307906505,-0.225698420589105,0.497033959488409,1.00,1.00,-54.37,0.00,0.0000,-131.9000,15.98863636,15.98863636,
AGU0032-002-003,1.20,-2250.00,0.268562871800734,1.401465900564310,0.684421273769165,-0.625368307906505,-0.225698420589105,0.497033959488409,2.00,1.00,-54.37,0.00,-54.3700,-131.9000,15.98863636,15.98863636,
